What are the least popular genres?,Non-fiction and biographies tend to be the least popular.
How do I pick the perfect book for me?,I can help with that! What's your favorite book or genre?
Where can I find reviews for my books?,I can help with that. What's the name of the book you want reviews for?
Where can I read books?,You can read books in paperback or as ebooks or as audiobooks.
What are the most popular genres?,Romance Fantasy and Science Fiction are currently the most popular genres.
Can you suggest some fantasy books?,Sure! You might enjoy The Hobbit or Harry Potter.
How can I find new releases?,You can check online bookstores or the publishers websites.
Do you have any mystery books?,"Yes! Popular mystery books include Gone Girl, The Girl with the Dragon Tattoo, and Big Little Lies."
What books are good for kids?,"For kids, try Charlotte's Web, Matilda, or Harry Potter and the Sorcerer's Stone."
Can you recommend a book for a long trip?,"Absolutely! For long trips, you might enjoy The Lord of the Rings, The Night Circus, or Dune."

